-- Add a lot of auto-generated data to the database.

-- Some of it doesn't follow data integrity rules; for instance, not all of the
-- Users referred to by warehouses' ManagerIDs are actually marked as
-- employees.

USE cs425;

INSERT INTO `Address` (`ContactName`, `CompanyName`, `District`, `Province_State`, `Nation`, `PostalCode`, `City`, `AddressID`)
VALUES
('Wilton Koepp', 'Rolfson, Yost and Toy', NULL, 'Ohio', 'Sweden', 'zazd', 'Port Garettmouth', 1),
('Miss Natasha White V', 'Hegmann, Morissette and Green', NULL, 'Kansas', 'Dominican Republic', 'fosq', 'Kiehnland', 2),
('Chase Bailey', 'Wunsch, Yundt and Hyatt', NULL, 'Maryland', 'Mongolia', 'vgds', 'Lake Janyview', 3),
('Kavon Padberg', 'Legros LLC', NULL, 'Michigan', 'Puerto Rico', 'ylxr', 'East Samsonhaven', 4),
('Cordia Murphy', '', NULL, 'NewJersey', 'Lao People\'s Democratic Republic', 'roku', 'Port Alliefort', 5),
('Kiarra Barton', '', NULL, 'Texas', 'Armenia', 'dsoc', 'Nathanaelchester', 6),
('Mrs. Katlyn Ruecker DDS', '', NULL, 'Georgia', 'Italy', 'fxql', 'New Lenoraside', 7),
('Patrick Schmidt', 'Crona-Hintz', NULL, 'Louisiana', 'Peru', 'dowo', 'South Luzport', 8),
('Emmet Nolan', 'Bechtelar PLC', NULL, 'Utah', 'Barbados', 'rfoz', 'Fadelbury', 9),
('Dr. Emilie Tromp', '', NULL, 'NewJersey', 'Maldives', 'svpa', 'North Jaylonview', 10),
('Alicia Balistreri', '', NULL, 'Louisiana', 'Equatorial Guinea', 'mdsc', 'South Gildaview', 11),
('Stefan Fisher', 'Robel, Grady and Herzog', NULL, 'Mississippi', 'Guatemala', 'zmxf', 'Schneiderton', 12),
('Terrill Lindgren', 'Romaguera-Cartwright', NULL, 'SouthDakota', 'Latvia', 'sovn', 'Rowenaburgh', 14),
('Mr. Misael Klein', 'Green, O\'Connell and Weimann', NULL, 'Kansas', 'Bouvet Island (Bouvetoya)', 'daoa', 'Lake Janessabury', 15),
('Dr. Wilber Lubowitz Jr.', 'Renner, Johnson and Stiedemann', NULL, 'Missouri', 'Faroe Islands', 'bjax', 'Gerlachshire', 16),
('Kenneth Kreiger', 'Hamill, Emmerich and Thompson', NULL, 'Mississippi', 'British Indian Ocean Territory (Chagos Archipelago)', 'uesx', 'Tracymouth', 17),
('Maia Hyatt', '', NULL, 'NewYork', 'Denmark', 'xfyb', 'Klockoberg', 18),
('Madilyn Mertz', '', NULL, 'NorthCarolina', 'Burkina Faso', 'lomt', 'South Camdenberg', 19),
('Miss Aylin Weissnat IV', '', NULL, 'Arizona', 'Pakistan', 'tqwx', 'East Araceli', 20),
('Priscilla Collins II', 'Reynolds LLC', NULL, 'Alaska', 'Bulgaria', 'qkbt', 'Port Nedra', 21),
('Meghan Barrows Sr.', 'Sanford-McDermott', NULL, 'Mississippi', 'Niue', 'yicr', 'Gradyport', 22),
('Marguerite Sipes', '', NULL, 'Maryland', 'Cape Verde', 'qwwg', 'West Philipberg', 23),
('Karlee Hackett', 'Volkman, Leuschke and Swaniawski', NULL, 'Alabama', 'Uruguay', 'ygdy', 'South Bethelport', 24),
('Haylee Yundt', '', NULL, 'Pennsylvania', 'Saint Helena', 'twoi', 'Port Julien', 25),
('Mr. Ambrose Heidenreich DDS', '', NULL, 'Nevada', 'Samoa', 'axdx', 'Madelinetown', 26),
('Ezekiel Conroy', 'Hayes-Kutch', NULL, 'Indiana', 'Sao Tome and Principe', 'heda', 'Reingertown', 29),
('Simeon Watsica', 'Frami-Krajcik', NULL, 'Michigan', 'Burkina Faso', 'ujop', 'Lake Mitchellchester', 31),
('Bell Reichert', 'Ryan-Johns', NULL, 'Missouri', 'Kazakhstan', 'jkor', 'South Archstad', 32),
('Lelah Aufderhar', 'Beatty, Bogisich and Metz', NULL, 'Texas', 'Cambodia', 'roji', 'Carrollmouth', 33),
('Dr. Robert Harris', '', NULL, 'Nebraska', 'Sweden', 'ddlw', 'East Koreychester', 34),
('Cheyenne Langosh', '', NULL, 'Florida', 'Bulgaria', 'sikz', 'Benedictstad', 35),
('Flavie Hamill', 'Grimes-Kilback', NULL, 'NewMexico', 'Saudi Arabia', 'gkao', 'Germanchester', 37),
('Carrie Barton', 'Greenfelder Inc', NULL, 'NewJersey', 'British Virgin Islands', 'gffv', 'Athenaton', 38),
('Kaylee Walker II', '', NULL, 'SouthCarolina', 'Holy See (Vatican City State)', 'afor', 'Melvinaburgh', 39),
('Winston Stark', '', NULL, 'Alaska', 'Nepal', 'fzqq', 'Port Alysha', 40),
('Dr. Everette D\'Amore', 'O\'Hara, Bernier and Auer', NULL, 'RhodeIsland', 'Andorra', 'owfp', 'West Adrienne', 41),
('Maribel Pouros', 'Mayer, Hayes and Beier', NULL, 'Louisiana', 'Lithuania', 'iuah', 'New Chadrickmouth', 43),
('Destinee Lind', 'Weber Group', NULL, 'Ohio', 'Algeria', 'upbk', 'Schillerfurt', 44),
('Mr. Dion Jerde', '', NULL, 'Virginia', 'Saudi Arabia', 'iuph', 'Port Jackieside', 45),
('Katrine Little DDS', '', NULL, 'Nebraska', 'Botswana', 'psib', 'East Kathleenfurt', 46),
('Gladys Ratke PhD', 'Keeling, Rice and Franecki', NULL, 'Texas', 'Ireland', 'rqdt', 'West Clemmieburgh', 47),
('Ibrahim Botsford', '', NULL, 'NorthCarolina', 'Austria', 'snii', 'Leathafort', 48),
('Vada O\'Kon MD', '', NULL, 'District of Columbia', 'Mauritius', 'kxsd', 'East Edwinamouth', 49),
('Mr. Albert Wunsch', 'Dibbert, Kohler and Collier', NULL, 'Colorado', 'Iran', 'alyy', 'Jamiemouth', 50),
('Jeffery Botsford', 'Stehr-Stroman', NULL, 'Massachusetts', 'American Samoa', 'ouwn', 'Effertzview', 52),
('Christina Hintz', '', NULL, 'Minnesota', 'Dominican Republic', 'ovwr', 'Port Hilario', 54),
('Josue Huel', '', NULL, 'California', 'French Polynesia', 'nqcl', 'Hahnshire', 55),
('Rory Weimann', '', NULL, 'District of Columbia', 'Rwanda', 'nxlc', 'Gerholdtown', 56),
('Ms. Charlene Johns IV', 'Volkman-Romaguera', NULL, 'Washington', 'Venezuela', 'qafn', 'Schinnermouth', 57),
('Dr. Waldo Ortiz', '', NULL, 'Iowa', 'Cook Islands', 'svsd', 'Lake Rosieview', 59),
('Ms. Luella Russel', 'Haley, Cormier and Gaylord', NULL, 'Wisconsin', 'Brunei Darussalam', 'swlf', 'East Germaineport', 60),
('Grayce Marvin', 'Fritsch, Daugherty and Kerluke', NULL, 'Alaska', 'Malaysia', 'eyew', 'Lake Fernandoshire', 61),
('Dr. Lavon Lang', 'Corwin Ltd', NULL, 'Pennsylvania', 'Hong Kong', 'xfoy', 'North Cleo', 62),
('Kyra Turner', 'Schmitt Inc', NULL, 'Washington', 'Mozambique', 'qpvw', 'Ebertville', 63),
('Danika Schoen', 'Friesen Group', NULL, 'RhodeIsland', 'Suriname', 'ggqp', 'New Edison', 64),
('Dr. Raul Hintz', '', NULL, 'Hawaii', 'Austria', 'rkar', 'Lenoremouth', 66),
('Clemens Hickle', '', NULL, 'Tennessee', 'Libyan Arab Jamahiriya', 'tnre', 'New Bradenside', 67),
('Krystal McClure', 'Emard and Sons', NULL, 'Minnesota', 'Bermuda', 'frea', 'Nigelside', 69),
('Prof. Lia Murray I', 'Feeney, Ebert and Hyatt', NULL, 'Arizona', 'Canada', 'ziec', 'Giovannaberg', 70),
('Noe Hartmann', '', NULL, 'NewJersey', 'Kazakhstan', 'lubu', 'Port Marcoshire', 71),
('Prof. Oswald Wuckert', 'Quigley-Hintz', NULL, 'Maine', 'Falkland Islands (Malvinas)', 'wfmy', 'Lakinview', 73),
('Prof. Joanie Spencer MD', '', NULL, 'NewMexico', 'United States Minor Outlying Islands', 'xakc', 'Klingville', 74),
('Xander Johnston', '', NULL, 'Pennsylvania', 'Guatemala', 'ldce', 'Port Ferntown', 75),
('Christy Erdman', '', NULL, 'NewJersey', 'Armenia', 'iway', 'Port Evelynland', 76),
('Lee Reilly', '', NULL, 'NewYork', 'Honduras', 'dcyh', 'Idastad', 77),
('Mr. Javonte Kuhn V', 'Beatty-Abbott', NULL, 'Hawaii', 'Belize', 'pfcj', 'Christborough', 78),
('Cassandra Bergnaum II', '', NULL, 'Montana', 'Norfolk Island', 'gycq', 'Allanbury', 80),
('Lazaro Vandervort', 'VonRueden Ltd', NULL, 'Indiana', 'Botswana', 'nxmn', 'East Theresia', 81),
('Johnny Friesen', '', NULL, 'NewHampshire', 'Guam', 'vudc', 'Gleasonbury', 82),
('Ashlynn Keeling', '', NULL, 'Connecticut', 'Norway', 'lohd', 'Antonettehaven', 84),
('Stacy Sporer', '', NULL, 'Iowa', 'Botswana', 'epzf', 'South Bailey', 86),
('Wilford Gaylord III', '', NULL, 'Kansas', 'United States Virgin Islands', 'obsv', 'Tremouth', 87),
('Pasquale Hudson', 'Prohaska-McGlynn', NULL, 'Kentucky', 'Netherlands Antilles', 'ncuf', 'Lisetteburgh', 89),
('Deshaun Becker', 'Wiegand-Lang', NULL, 'Alabama', 'Myanmar', 'ovwe', 'Simoneside', 90),
('Marlon Mueller', '', NULL, 'Arizona', 'Angola', 'ansg', 'Bettybury', 91),
('Anne Powlowski', 'Weimann Inc', NULL, 'Missouri', 'Guam', 'ywdi', 'Rodriguezstad', 92),
('Mrs. Bettie O\'Kon', '', NULL, 'Washington', 'Guyana', 'rhub', 'South Eleanoreport', 93),
('Cristian Wilkinson', 'Bogan-Schamberger', NULL, 'Indiana', 'Mongolia', 'mqge', 'Sofiaberg', 94),
('Ms. Jodie Yost DDS', '', NULL, 'Florida', 'Tuvalu', 'gswv', 'South Lanceside', 97),
('Prof. Krystina Reichert Jr.', '', NULL, 'Florida', 'Aruba', 'mcsn', 'Nathanialberg', 99),
('Prof. Oral Adams Sr.', '', NULL, 'Alaska', 'Romania', 'sjkd', 'Port Karleyland', 100),
('Henderson Effertz DVM', '', NULL, 'Louisiana', 'Indonesia', 'nkdp', 'South Bulah', 101),
('Prof. Lauryn Kerluke PhD', 'Koss, Hand and Hagenes', NULL, 'Kentucky', 'Vietnam', 'kjrx', 'South Allison', 102),
('Wilfredo Jones', '', NULL, 'Mississippi', 'Greenland', 'nzzy', 'Bartonville', 103),
('Lois Stamm', 'Pfannerstill, Lynch and Fisher', NULL, 'Montana', 'Cocos (Keeling) Islands', 'ruco', 'Lindachester', 104),
('Miss Retha Fisher', 'Ryan LLC', NULL, 'Delaware', 'British Indian Ocean Territory (Chagos Archipelago)', 'ekdd', 'Kaydenland', 105),
('Zula Johnson', '', NULL, 'Pennsylvania', 'Ukraine', 'itjh', 'South Joan', 106),
('Pearl Mertz', 'Hickle Ltd', NULL, 'Missouri', 'Eritrea', 'ovus', 'Joannefurt', 107),
('Flossie Stiedemann II', '', NULL, 'Colorado', 'Rwanda', 'wctf', 'Bahringerchester', 108),
('Prof. Georgette Donnelly', '', NULL, 'Oregon', 'Burundi', 'mvzx', 'Lessieton', 109),
('Stefan Turcotte', 'Swift Group', NULL, 'Alaska', 'New Zealand', 'tpvs', 'Osinskifort', 110),
('Prof. Zander Vandervort IV', 'Mitchell PLC', NULL, 'Washington', 'Georgia', 'urhr', 'South Lera', 111),
('Matilde Corkery V', 'Streich-Schoen', NULL, 'Michigan', 'Sierra Leone', 'jxby', 'Greenbury', 112),
('Dr. Jensen Quigley DDS', 'Greenfelder LLC', NULL, 'Florida', 'Argentina', 'xtup', 'North Karenside', 113),
('Shanie Luettgen', 'Lebsack, Weissnat and Von', NULL, 'Georgia', 'Togo', 'qtme', 'North Abbie', 114),
('Ken Parisian', '', NULL, 'Connecticut', 'Botswana', 'vyew', 'East Elissa', 115),
('Nina Mitchell', '', NULL, 'Virginia', 'Nicaragua', 'qrnc', 'Gutmannside', 116),
('Ernestine Brown', '', NULL, 'Delaware', 'Bouvet Island (Bouvetoya)', 'ycul', 'South Gillian', 117),
('Reba Bins I', 'Jacobs-Emard', NULL, 'District of Columbia', 'Comoros', 'zhul', 'East Watsonbury', 119),
('Herta Hoppe', 'Dare PLC', NULL, 'RhodeIsland', 'Moldova', 'jela', 'West Russelberg', 120);

INSERT INTO `User` (`Username`, `IsAdmin`, `IsEmployee`, `IsMerchant`, `PasswordHash`, `PhoneNumber`, `EmailAddress`, `UserID`, `PasswordSalt`, `WarehouseID`) VALUES ('ernser.harry', '1', '0', '0', 'a6ecd43773cac2789d1c77980e464970dfbbe542', '+65(8)6889468839', 'jamie.wilderman@example.org', 1, '2677042df9a0111d9a273f38ab5b77ab1a7123bd', NULL),
('keeling.camylle', '0', '1', '0', '630c25347c4b1f51ec1052b1ef5f7e0a61b4a6cd', '(189)972-7139x78979', 'luettgen.walker@example.net', 2, '8ca8e50d068e3674c5a1dc2e53e6e3450a29d3d5', NULL),
('wkuhn', '1', '0', '1', '50125efa8b5cee3452c14f4b3dc33471227a14fa', '1-877-414-6893', 'mboyer@example.net', 3, 'daaa3dcdb3b10b83208f0e5d124fbdf67f7c358a', NULL),
('mhirthe', '0', '1', '0', '679141c88833448af414c8348cbf7e9072dba145', '662.268.7609x2425', 'paula.powlowski@example.com', 4, 'e646b296a276600a6fa40e006fb5c19a26b987b5', NULL),
('hane.erika', '0', '1', '1', '5870c2a639c5a043dcd58b0c99d6a3f2dacc1335', '298-059-4883x14716', 'boris.frami@example.com', 5, '7d10b01c7125c8b1b714df96974efbbe738118e1', NULL),
('theodore.lubowitz', '1', '1', '1', 'cb29f37c5b488febd5c2d2ace73ae390776c3fcb', '062-386-0246x8379', 'bradley92@example.com', 6, '3af7461f899a0e8cd9a5ff4302833e31f032664d', NULL),
('peggie.rath', '1', '1', '0', 'bf83d927d834f4f3739c7d8124be7a299cd27e28', '791-106-3744', 'elizabeth.o\'hara@example.net', 7, '074ee81ad775b06a7ec91354def160644ff4a040', NULL),
('maximo27', '0', '1', '1', '0c798b954e9bae97b7ace69d3bdf2aac1561a304', '418.287.6026x44964', 'nienow.jamal@example.org', 8, 'cb88f121f0d1a52e4e73ed5c76c5aa773e059305', NULL),
('hwitting', '0', '0', '0', 'f14601688812a40a9da7015e342be8d6f49bfae6', '(195)304-3475x12794', 'kemmer.tate@example.org', 9, '5a2444fcb694b10d91b42f212110c74a3a143166', NULL),
('mwuckert', '0', '1', '0', '3abc31ce62d4a779f4771c802594ab2dd04c7a1e', '(623)409-4522x1567', 'abraham.goodwin@example.com', 11, '18ae387c32e3c343d0fdc6c7deef3d203f7f3833', NULL),
('marilie45', '0', '0', '1', '113f4a17dfa8c6834d3325291e6191903470dd7e', '337-441-6630x576', 'abshire.nikita@example.org', 12, 'e6d3439990bad76127409ef7c793c7ff72ead660', NULL),
('nannie92', '1', '1', '1', '5d077a636620e1ca9827af36ce50f9b51b0f4c95', '01320973156', 'lourdes.shields@example.org', 13, 'a8e7144bc44059d75427a5be3f9c6572b2666ee5', NULL),
('travon.altenwerth', '0', '1', '0', '8b9fedeff7eeea52ddcfebb03cdb6aa0ad58cdc3', '635-075-2483', 'oliver98@example.com', 14, '19ec27a3ec3876956bffca51dc87fdf1dd082f96', NULL),
('hollie21', '0', '0', '0', '74a74177ac760daa46ed01885f4216ae1ae12ea1', '1-712-977-1124x43099', 'walter.dante@example.org', 15, '86d76bf14846236eefd0de9dc0ce9c06000a1e2b', NULL),
('gerson.dickens', '1', '0', '0', 'a1d02abd881ccf4680b4aaa8bf4a12aa93405b21', '884-657-4861x37872', 'irving.schamberger@example.com', 16, '33eea28d4d810e82f33c98aa67f57f66341a239b', NULL),
('ofelia.bednar', '0', '0', '0', '604800ca404c1ce63441dcc972f1443fb3a9ec8e', '731-572-1653', 'jaskolski.jules@example.com', 22, '44ca0914d04e6599ed17e3a61edfd7e22a590109', NULL),
('erik36', '1', '1', '1', 'ea68e4764c395ed2dd7dc3a37fe667511794d084', '1-514-611-9405x43659', 'vdicki@example.com', 23, '0e6de92878e90b6fde7c5e838b39e6938b238cb6', NULL),
('marquardt.santino', '1', '1', '1', '2678bbee94cee1a2a94cd5a86de8e67b955f3a4a', '1-997-356-4024', 'abatz@example.com', 25, 'ba66b610da1d4ff3643cf7c0a67ffd423ff5087a', NULL),
('arielle.johnston', '0', '0', '0', '556e24aa883cee088d6a79d8a29b566ffe3a7579', '088-052-8690', 'mcclure.tamia@example.org', 26, '8c553ffddfe0733a7c29eca75f88de658164f240', NULL),
('dave.reichel', '1', '0', '1', '3ec4dd330a4bc2cefd23f9548dacdf99cabeb048', '895-919-2811x16830', 'jacinthe.maggio@example.org', 27, '4c44efb842b0e4a73a922a48acdcb8b76f6602d5', NULL),
('lrenner', '0', '0', '1', 'e675e6b8edbac4b4592df69ca38c4805527d1558', '614-348-3098', 'smclaughlin@example.net', 28, 'c3602b7c5803a627a0d5b0cf2e6de75ec6f29bfe', NULL),
('stokes.johnathon', '1', '0', '1', '5d1fbadfce5f230c85241128edd3ccf0e95ba139', '1-407-545-1183', 'colby61@example.net', 30, 'f55dde9fd6005d02350689f1a05451d7144c2740', NULL),
('osinski.georgianna', '0', '1', '1', 'c8703c52d87f89d14e71e4126ad313df003322bd', '(169)232-9071x95417', 'vince.bergstrom@example.com', 31, '2517ec778087f54e2b46676b2d5c7f29b58be79c', NULL),
('wwehner', '1', '1', '0', '6b2f0f57f34568f0c1cfc61a601567a675d1de5b', '(128)975-9855x2730', 'rlittel@example.net', 32, 'a68f8da8ed67620bcb3d780885097783080bda08', NULL),
('cschroeder', '1', '1', '0', 'dbdabd662a52aad15ec9ed4b068129bb4dc6d35e', '(052)897-8618', 'hintz.lexus@example.net', 34, '5e8c6ac6fee43f0d37a30caae4de8b5694506589', NULL),
('genoveva.ebert', '1', '1', '1', '383568fe5082438b32db887dc882144c793d1df9', '06174843476', 'arnaldo97@example.net', 35, 'c3a26229f18523f27b56c1a26134e65b62568bba', NULL),
('mckenna01', '1', '0', '0', 'c1c37b81426643459382fa381eba6e0898a22e18', '(368)155-8701x0109', 'jacobi.keyon@example.org', 36, 'f5c3f70ab7e32cea81ae018ac3c140d78e57589a', NULL),
('dejah09', '1', '1', '0', '26a554ee574512746fea9bd0a799ad126154ce23', '(502)588-5478x559', 'frederic58@example.com', 38, 'd1592160b6322efba35847a537e43454f0bbf509', NULL),
('favian.kuhn', '0', '0', '0', '6bae4495de3366103b4200798e1ef366dd0380a4', '(523)944-7647x45764', 'kurt.steuber@example.com', 39, 'ff6ffc85863bd71ea6bf98b5fbef4a4dc813ceac', NULL),
('ulangosh', '0', '1', '0', '51e86def579767ea2992a37d4f8da4d5d22f0ca1', '840.922.5298', 'marcelina.hilpert@example.net', 40, 'e1cc43c86d333f85de74ac0dd99813741ff536c5', NULL),
('glittle', '1', '1', '0', '9580bb813b9ebfdc8c070f7a253fa51cf246ce62', '1-941-709-7494x34129', 'heller.brain@example.com', 41, 'b082215fae6e592770c65c6f19675c628c030f9d', NULL),
('wgrady', '1', '0', '1', '8ea6c9adb2effe7302d96e780f631406d80d3632', '(111)533-1071x184', 'hrenner@example.net', 43, '9c876a04796ece90e2a0393ceb9482a4895b40cd', NULL),
('freida.lockman', '1', '1', '1', 'ce99d7f544d49c363de2bd781cbf1bae71978b5d', '1-953-501-6495x2235', 'rozella05@example.com', 48, '9ff0bdb1ce3be9b468dddf7adc7d40e4517d8207', NULL),
('tyson26', '1', '1', '0', 'bfe6d0223e26b72b72819f8398d60e32df886de3', '1-958-986-0336x45381', 'cronin.irma@example.com', 49, '6b73b7caccad77dd7f533be8a44474f1373d2e80', NULL),
('hglover', '1', '0', '1', 'ea380910f8add129a25fc8b3b4c64d892cecdf22', '(461)469-6887x1998', 'edison06@example.org', 50, 'f84fe79ef4a000e34320efb27939d3eeb2b8fcff', NULL),
('vhackett', '1', '0', '0', 'c4b6205913f939653fb88827799b2061cedc95c4', '702-812-7868x08111', 'zoe.brakus@example.net', 51, 'd4e00b589aa455bc8aa7a0990c49783c378fe665', NULL),
('ruben01', '1', '1', '0', '0e5eb8d8cde94e4f0a08e9d4236a73eee47977ae', '+23(9)6228636521', 'henderson.mitchell@example.com', 52, '58fd9530d65a3b9e051df9fae314425cd9d93c88', NULL),
('bogan.marley', '0', '0', '0', '50403c63b7c4b219a29ffc46bb5a852f091fd1e1', '(737)916-9034x30849', 'glover.luisa@example.net', 53, 'b46165120549dfbc64280fb3c64fc9573e33f66b', NULL),
('erna37', '1', '1', '0', '5479a00fba57837793ead1db67a6dc9df6b1ca6e', '(783)240-8026x625', 'umedhurst@example.org', 54, '6da264e7083d65bfc0860be76ea661a67a592c08', NULL),
('hintz.dane', '1', '1', '1', '58fc425e3f3616fc9852ab24bee2c196a4d626c3', '639-447-0747', 'koepp.abby@example.com', 57, 'fcadc450279babb7e9bb4549eb53cdb6e3d4dd0c', NULL),
('osbaldo96', '0', '0', '1', 'ae3528ca257f39a7e3b4583f2932c877c226c21f', '005.822.2919x9361', 'rodrigo91@example.org', 58, 'cec341434f6fa2fe57b0699d49d3193cd70caeb3', NULL),
('wmante', '0', '1', '0', '55cca3e52ff1ce7bfe006fc01d6ea273d34c54ad', '275.967.5927x2623', 'oren43@example.com', 61, 'a3ee42d4910853f6e2ba8211b8e29e33d8e7b3be', NULL),
('luz.harber', '1', '1', '1', '0ed3aa1a389bb32fbdbf2e3cd59bcf2ecaac1635', '1-455-017-0449x747', 'deja65@example.org', 62, '4320773a63db9647f049eaafb999d757298b679c', NULL),
('nellie.morissette', '1', '0', '1', 'e69e976d4fc0fbf1844c152f2faa12207420bb6e', '470.103.1897x162', 'krajcik.justice@example.net', 66, '8b87ce8b7210fb201805feea2fd3ea8a8474fa15', NULL),
('baumbach.janie', '1', '0', '1', '15e3428675fd6cf69dcd9ddfc23de60024f1f721', '(035)350-0526x2116', 'idavis@example.com', 67, '3cc9391fcf48cb772b2df23d791613ebf8274012', NULL),
('cking', '1', '1', '1', 'd1e9b6ab36e09fc26ca01ec5722466f4875f6811', '(361)483-9093x5904', 'ciara49@example.net', 69, '44ae6b4a7afd8d5925a1c7c1352bd83060c5eb2b', NULL),
('arturo15', '1', '1', '0', 'd38a7fb3dfb88dd1a96b38d870316e53c8643530', '+08(4)6771448722', 'hermiston.francisca@example.org', 71, 'cfefd527ec5f0da4e51cda9fcf308a984c51dcda', NULL),
('ylegros', '1', '1', '0', 'f313984473f6157e708d80fe23639d3226a050e2', '594.878.3229', 'vincent.lind@example.com', 72, '0a4e9b0583a69ef87faa5649289bd8750c6c23f5', NULL),
('stanley68', '1', '1', '1', '474eda3b616247da63504a75607f69ba4e8ba77e', '(714)575-3528x528', 'wolff.christian@example.net', 73, '186c15e79d58766db828062370f0466315f6a540', NULL),
('koss.berniece', '1', '0', '1', '2988a44d56b2255cb6199c6ef19f9372408f195a', '296-199-1916', 'vdavis@example.org', 74, '7b6d04f77004a689f646c8d2f846ae411eb6340d', NULL),
('sawayn.guy', '1', '1', '0', '35c3737e5c61989a1feb33ac6d1ae678b6e8933b', '626.492.4093x716', 'nlemke@example.net', 75, '4a7f0450c1878610a034cffdfc7572e074a53aa7', NULL),
('keenan56', '1', '0', '0', '18d40723c74c91db5004ce805f28f60a5dc935a8', '269.904.2087x12917', 'harmony83@example.net', 77, '6cb775dff34221ddae8716b7cf63193949784a1c', NULL),
('dsauer', '0', '0', '0', '480f5a2870f260282bfaa8797b3419fcef5fa13b', '637-264-9137', 'schiller.violette@example.net', 79, '641fe5c419a602e0a5507d0b348653b84cb6b7ee', NULL),
('emmanuelle71', '1', '1', '1', 'bad3afeaeab13082f339934067776e076dc77f46', '+58(6)1106266335', 'donnelly.zelma@example.org', 80, '65fe386ba16dc7a360180bf5ef277c6ae3f463f6', NULL),
('nconn', '0', '0', '0', '088da94e913ea352dd504176e10860a3e6715fdf', '715-557-8074', 'shaniya76@example.com', 81, '26e96e3d8c20b89abcc13c01a99415a4db9ed1b6', NULL),
('queen55', '0', '1', '1', '8a56070c4147c7461774e271b3d8baf5af3e21e3', '794.317.5829', 'nikita60@example.org', 83, '9851cfa88e1b26c2f4d16098c1576c2dc741f30d', NULL),
('araceli.hermann', '0', '1', '0', 'b368868dc280c40f8e5828b3f6ba497177514bfd', '(212)193-5165', 'janiya03@example.com', 84, '2147f473e9d271477e2cf75d2d167348b327ee4c', NULL),
('montana.lowe', '0', '1', '1', '9840165c3b6e17103daa322d3d2fbcbbeece2aeb', '(872)501-2769', 'anibal09@example.com', 85, '19a463cbe43dc7ca9818ce3d85d01dff054f67b7', NULL),
('albina79', '1', '1', '1', '33cd12d59d9b3142b3f650f2ea652394bf1f966b', '(797)794-4378x838', 'zrice@example.org', 86, '7fdf439f0e72326b047a5228b20eb41e0a19a753', NULL),
('mcrooks', '0', '0', '0', 'bd3d46db70b22170ee8459456f8aaa599d801537', '+79(6)4268349880', 'roslyn78@example.com', 87, 'b7f189bd8ada7534309a4b2476b4c7bec657b34e', NULL),
('lebsack.ophelia', '1', '0', '1', '65efe3d9619c27befec3b971676f9002646de8c5', '(166)238-7128x676', 'berge.jamey@example.net', 89, '0f9ff12922d98da1bb81dc2842c62bb0f328c6fb', NULL),
('darron69', '1', '1', '0', 'f1d035c12e9c56f988ce861eb699e40607ec06c5', '1-994-085-6452', 'truecker@example.org', 93, 'cc18cbd612c0a25ffb9b5acfdfaee90684e5606e', NULL),
('thaddeus.walker', '1', '0', '0', '70a8fa4d805c894c8e0e0cbd081e634e42f03022', '(028)713-7618', 'kris.cristopher@example.net', 94, '6e83f9064dbd2f76ec9bf19ab7e650fce8034b78', NULL),
('eruecker', '0', '1', '0', 'b68f1987c32ac2be80ecfd212a211147acd0cc1e', '421-156-6962x8559', 'hudson.elizabeth@example.net', 96, '460e0b073490011063432dcc3c3bec60e207277c', NULL),
('carey96', '1', '1', '1', '68d8326b80b6d42e39e9697c3b70ff9fc32798b1', '(530)440-2091', 'ehilll@example.net', 98, 'dd5316370a60eb9c82f4ecec08619cdb4a3feca2', NULL),
('hgrant', '1', '0', '0', 'a59afb5ab98474b5e07d7c11a225e8616bcf731e', '02073271589', 'karina57@example.net', 99, '89a2a8f2a62275b6e579c0018ddbe2335f6c21dd', NULL),
('cora.labadie', '1', '1', '0', '126e570de42fd83f9cef5e31f3b5ead9706b12f6', '350.828.2209', 'clair83@example.org', 100, '7f608fa43d8e9779fbdae2a2fdde17dee7c8cdde', NULL),
('anne61', '0', '1', '1', '9ca1c9e05ab6301cd33206711273304d991105bf', '06893888737', 'hoyt47@example.com', 101, '662358623f9ea1e5c917ee01781f00c8b728c92b', NULL),
('ujaskolski', '1', '1', '1', 'eae76bdf05e9767b63da31668d1ab470a4b68204', '(048)452-2849x2658', 'larkin.kamren@example.org', 102, 'c2771b5a00601c72b28250dbbfa2f3c411120cf7', NULL),
('jeffery.green', '0', '1', '1', '26f5743913b31a16f44498da3629f4d3b91c6df9', '911.007.4300', 'rosalyn.nienow@example.com', 103, 'cde3120718b787a3dbc1ed26159f45b0ab8afbf5', NULL),
('alysa04', '0', '0', '1', '911e9b542459136077f074b64f058969f112d4f7', '979.039.4625x770', 'lincoln73@example.net', 105, '248b71e905a7a1a2ad52741a11aad29bb3b6159c', NULL),
('upaucek', '0', '0', '0', '71afa82015f9b279233aa87dbf6931a69a6becab', '352.028.5726', 'uwalker@example.net', 106, '5dd29989e831bc8e3d9ea9c4800b336465c5bef5', NULL),
('laverna.stanton', '1', '0', '1', '28a4472b7136c91de7ec5decd1851c160e010692', '474.866.8887', 'stowne@example.org', 108, 'cc721aa27f86db4feba93c6562c29bca939e9a4a', NULL),
('yroob', '0', '1', '1', 'b4a53064f1abbc2fe75d4d50c94d64fcf026a06d', '+24(1)8811229163', 'ben.white@example.com', 109, 'de2b698c2fd8df16b93a70e68745520175199b7f', NULL),
('schuppe.joaquin', '1', '1', '0', '4c522b4d5eea5ff6dc1385be76f9c593c27b757c', '(857)977-2870', 'dprice@example.net', 112, '6537da4fad492c04211b9cd98d90873df6250750', NULL),
('cruickshank.ada', '0', '1', '1', '02fc42bd2e2cfe1762615a53f28d9bb466bb380a', '+19(3)5180745019', 'jackie.wintheiser@example.net', 113, '017cdb1e2888563544c6c6ca7eba1cd3295e849d', NULL),
('clifton.goldner', '0', '0', '0', '0726ed55610a20acf1444df9b62b5269d1393080', '379.597.0269x54357', 'josianne.towne@example.net', 114, 'd4a7d48fb0d38ce2b0d63261002946a916f948de', NULL),
('cristina41', '1', '1', '0', 'ed83517f1f21b09118f485863ae81b5a51c844fa', '06149116053', 'wemard@example.com', 116, '6ad780b598eef713df08002b67176ae74da88b3f', NULL),
('fpollich', '0', '0', '0', 'de3a9d4d5409bf49290381edd0ec0fd7d1adfbef', '327.527.5288x3630', 'bernier.lorenzo@example.com', 118, 'f009dfc9f50c2303b497ff9e1764fe12bde516d4', NULL),
('feil.misty', '0', '1', '1', '38e638d7eb4dfa79926a4cba300830a5b5440bfe', '970.589.1643', 'wiza.danny@example.com', 120, '905349b7680c2572687735c489c002116803eced', NULL),
('dicki.celia', '0', '1', '0', 'f0428925cbe4e36c291fd0e4729bf3872183ca8b', '+00(4)8382396756', 'millie07@example.org', 121, 'ad5e2fe087d6de8f44a966dfe7776526e881ad04', NULL),
('hubert69', '1', '1', '1', '29ad98792f453808d89c0b06d2667263d0621f10', '03149345314', 'wortiz@example.net', 122, '1adfabf8644e37b3119a3188eae7d785b52556c7', NULL),
('schmeler.lucienne', '0', '0', '0', 'e20aa055d820496abf256219c1a220180077446f', '859-209-2448x74755', 'cmarks@example.com', 123, '5574fd94c5a818a05c561036acaf6c9dd66e5f7c', NULL),
('mazie14', '0', '1', '1', '4d3fff6bc86c11b46a46f137d1e464e6d7e5035a', '1-837-376-2888x2399', 'hettinger.michale@example.net', 124, '29cd7ebc5e5d34284ad8c44142a5f657021c9f4a', NULL),
('zieme.dortha', '1', '1', '0', '4988e66206321781cb47543506e0c1318e61e157', '192.033.1351x78105', 'jadyn.luettgen@example.org', 125, '3cbec761674663ddfac181cd132ef2ac3305dffe', NULL),
('heber99', '1', '0', '1', '6e72e7c1d53a4f63a2ed296302b267027c11326f', '1-561-001-8188', 'imelda76@example.com', 127, 'b4ffd14c902def11b2c5605452104a61936f92e8', NULL),
('vladimir.lehner', '0', '0', '0', '0fbcc47096fa8c9b58ce6f937ea81526c543a8e0', '443.508.6915', 'xabbott@example.org', 129, '8302d2eb2286ee39064deae6ac088e3efcf63a17', NULL),
('abbie11', '1', '1', '0', 'd205eeff8e191793a8a5c13954bd4f7960262d49', '+32(8)6722764778', 'vsauer@example.org', 130, '5bb3f63900bdfd48718385668843303fee7a6e09', NULL),
('fmraz', '1', '1', '0', '2c218f433add6de4cc6be02a276b55bf98b4ac83', '+46(4)8473390456', 'juvenal11@example.com', 131, 'be398cffc049375e707ede70171f5e5a284ec403', NULL),
('schuster.vicenta', '1', '0', '1', 'fa1f51b6b522d219c810773d33ff5a42aba942f7', '(091)614-4108', 'keebler.alden@example.net', 134, 'e72a47f1499ff49b9acf78425c1a62ebe2229d42', NULL),
('koby.kuhn', '1', '1', '1', '5698153dff4fb8422b103525f9d74a881aa581b3', '746-213-1401x00025', 'ashlynn.klocko@example.net', 136, '93b6dc3c543de854b91d89150523c26fbaa40397', NULL),
('hildegard45', '1', '1', '0', '9c171144392a538220fab70c8d8c2908658a33b2', '619-344-1469x257', 'pdibbert@example.org', 138, 'b2586539876e2781de28b582745ace560f080ef6', NULL),
('kerluke.myrtis', '1', '0', '1', '33a62721311dedad025c6675a4e92aef8b78b591', '282.751.1245x12383', 'shaniya41@example.org', 139, 'e6911fb811a205d7e8a7dae77b4d9d8ebdefda65', NULL),
('alessandra06', '1', '0', '1', 'cde6a68485e131ba7133920819eb4bbdb8285a60', '(632)520-9796x6604', 'stephanie.harvey@example.com', 142, 'b016679e8c018d7b9070491c76c15f89fe7795ac', NULL),
('deborah.zboncak', '1', '0', '1', '93e3927a9b355ca6871cc73710787e6f0a588eba', '376.484.5564x5420', 'alexandrine.runte@example.org', 143, '8f1546ac214d53f82290281b48c307e86f77111c', NULL),
('arnold.hermann', '1', '0', '0', '4bf6231cd263854ab1d6f87e98941d5dc73ec909', '04614677120', 'christine.abshire@example.net', 144, '926d55c44abd6d9c84d243f2bf6313d869c489eb', NULL),
('lilly.strosin', '1', '1', '0', '384c2603a9837f2830423445898b2dbe66219f8a', '1-092-247-0264', 'marilyne74@example.net', 146, '2edc9dd099a21a1439abe94c8012e9e998ba1482', NULL),
('imani84', '0', '1', '1', '9fbe275213027efe82c28a38d3d893e56a599191', '1-673-852-7146', 'gbradtke@example.org', 147, '902f3842b932061bbd1b803952e122c0001839d7', NULL),
('schamberger.sarah', '0', '1', '0', 'e1183b98e014853fa6b38e0d4c7543a453107a4e', '05949593958', 'vernon.dicki@example.com', 148, '1bc88b6c6ecd57098df122a06593d96eec93858d', NULL),
('vincenza.cartwright', '0', '1', '0', '1b15f2dcc08667e3a9dd5e4ec4f0748ed56f779e', '(633)126-9469', 'reynolds.austen@example.com', 149, '997a5fd5ce3e7e958b760522d3a9d3bbf3e7cf97', NULL);

INSERT INTO `UserHasAddress` (`UserHasAddressID`, `AddressID`, `UserID`) VALUES
(1, 81, 69),
(2, 32, 148),
(3, 24, 16),
(5, 17, 50),
(6, 18, 106),
(9, 117, 80),
(10, 120, 87),
(12, 34, 53),
(13, 9, 147),
(14, 102, 51),
(15, 101, 123),
(17, 12, 11),
(19, 2, 57),
(22, 12, 83),
(23, 100, 93),
(24, 75, 147),
(28, 11, 130),
(29, 45, 94),
(31, 73, 72),
(32, 80, 72),
(35, 61, 79),
(38, 17, 120),
(39, 49, 6),
(40, 109, 85),
(41, 80, 2),
(42, 1, 130),
(43, 32, 48),
(44, 99, 27),
(45, 45, 73),
(47, 113, 86),
(48, 63, 139),
(50, 80, 14),
(51, 59, 57),
(52, 52, 32),
(53, 2, 3),
(54, 32, 25),
(55, 62, 7),
(56, 48, 69),
(57, 31, 69),
(58, 119, 1),
(60, 59, 139),
(61, 34, 112),
(64, 116, 36),
(66, 7, 149),
(67, 11, 138),
(69, 91, 43),
(70, 10, 38),
(73, 3, 32),
(74, 41, 84),
(76, 22, 14),
(83, 41, 131),
(84, 66, 57),
(85, 78, 9),
(87, 14, 1),
(89, 31, 35),
(90, 113, 73),
(91, 11, 67),
(93, 116, 99),
(94, 29, 32),
(95, 61, 31),
(96, 23, 123),
(97, 76, 72),
(98, 47, 25),
(100, 113, 61),
(102, 93, 81),
(103, 16, 28),
(104, 39, 118),
(105, 60, 127),
(106, 112, 23),
(108, 54, 43),
(111, 106, 26),
(114, 111, 74),
(115, 102, 38),
(116, 64, 127),
(119, 22, 72),
(120, 81, 74),
(122, 34, 38),
(123, 22, 40),
(124, 105, 50),
(125, 54, 14),
(126, 109, 7),
(127, 93, 112),
(129, 74, 81),
(130, 107, 100),
(131, 46, 66),
(132, 77, 12),
(133, 45, 7),
(135, 48, 77),
(136, 69, 53),
(137, 23, 86),
(139, 80, 66),
(142, 64, 121),
(143, 120, 6),
(144, 103, 32),
(145, 119, 87),
(146, 101, 12),
(147, 11, 143),
(149, 91, 146),
(150, 15, 43);

INSERT INTO `Warehouse` (`WarehouseID`, `RegionName`, `AddressID`, `ManagerID`) VALUES (1, 'Niue', 19, 53),
(2, 'British Virgin Islands', 102, 14),
(3, 'Samoa', 20, 1),
(4, 'United Kingdom', 111, 99),
(5, 'Spain', 2, 98),
(6, 'British Indian Ocean Territory (', 61, 16),
(7, 'Niue', 73, 86),
(8, 'Djibouti', 39, 30),
(9, 'Zimbabwe', 99, 6),
(10, 'Luxembourg', 66, 61);

INSERT INTO `EmpAssignedToWarehouse` (`AssignmentID`, `WarehouseID`, `EmployeeID`)
VALUES
(1, 1, 81),
(2, 3, 52),
(3, 1, 87),
(4, 5, 77),
(5, 5, 98),
(6, 7, 148),
(7, 2, 12),
(8, 7, 118),
(9, 5, 16),
(10, 4, 14),
(11, 2, 134),
(12, 5, 144),
(13, 1, 106),
(14, 10, 114),
(15, 7, 143),
(16, 7, 4),
(17, 3, 72),
(18, 2, 11),
(19, 4, 31),
(20, 4, 109);

INSERT INTO `Product` (`Name`, `Description`, `Attribute1Name`, `Attribute1Value`, `Attribute2Name`, `Attribute2Value`, `QuantityNow`, `QuantityLow`, `QuantityRefill`, `Price`, `Photograph`, `ProductID`, `WarehouseID`, `MerchantID`)
VALUES
('nam', 'Vitae minus in blanditiis.', 'ratione', 'voluptatem', '', '', 3580, 3685, 669, '1083.56', NULL, 1, 7, 96),
('sunt', 'Quaerat voluptatem voluptatem natus omnis eligendi in sed.', 'consequatur', 'praesentium', 'pariatur', '', 1021, 331, 2676, '1348.70', NULL, 2, 9, 7),
('aliquid', 'Ipsam praesentium est nisi exercitationem. Fugiat accusantium expedita laudantium quibusdam dolore minima.', 'cupiditate', 'sit', '', '', 393, 3958, 4708, '487.86', NULL, 3, 2, 96),
('qui', 'Molestiae et ut sequi suscipit magnam perspiciatis exercitationem.', 'reprehenderit', 'deleniti', 'voluptatem', 'voluptatem', 3079, 1221, 2638, '1484.72', NULL, 4, 3, 39),
('vitae', 'Omnis aut nemo rerum optio ut nostrum voluptate.', 'placeat', 'voluptatibus', 'eveniet', 'aut', 391, 3726, 4177, '986.93', NULL, 5, 8, 11),
('porro', 'Saepe hic eius tenetur possimus quasi.', 'numquam', 'numquam', '', '', 2525, 1012, 4851, '1390.79', NULL, 6, 4, 89),
('voluptate', 'Reprehenderit ratione odit non cum porro consectetur voluptatem. Molestias dolorem et ratione quaerat delectus.', 'in', 'et', 'ut', '', 2088, 2137, 4339, '304.10', NULL, 7, 3, 66),
('asperiores', 'Sint qui expedita magni.', 'minima', 'qui', '', '', 1386, 3022, 4645, '1031.07', NULL, 8, 4, 6),
('blanditiis', 'Eveniet aliquid nisi eum et deleniti.', 'iusto', 'illo', '', 'est', 3482, 2506, 3820, '1011.53', NULL, 9, 9, 15),
('minus', 'Eius sapiente quia neque quam ipsum.', 'ut', 'aliquid', 'repellat', 'nobis', 1166, 4043, 3560, '1120.90', NULL, 10, 7, 75),
('sed', 'Tempora omnis rerum est sed sit sed.', 'repellat', 'assumenda', 'necessitatibus', 'maiores', 4967, 3243, 1415, '1331.37', NULL, 11, 4, 39),
('et', 'Fugit soluta mollitia nam repellat. Ipsa quia natus eius minus expedita.', 'voluptas', 'quos', 'necessitatibus', '', 1932, 233, 3613, '1332.26', NULL, 12, 4, 143),
('nesciunt', 'Facilis aspernatur qui sapiente perspiciatis ut beatae ab autem.', 'eum', 'ipsam', 'ut', '', 2261, 1057, 580, '1382.90', NULL, 13, 5, 30),
('repudiandae', 'Id ut molestias iusto maiores. Dolorem molestiae eligendi id omnis placeat quam facere.', 'eveniet', 'in', 'ut', '', 3778, 783, 2151, '1257.32', NULL, 14, 6, 130),
('voluptas', 'Eos tempora nobis amet animi.', 'nihil', 'delectus', 'enim', '', 2150, 4951, 1898, '1005.30', NULL, 15, 3, 43),
('molestiae', 'Exercitationem cumque quibusdam nam numquam vitae nesciunt quam.', 'aspernatur', 'delectus', '', 'qui', 4033, 3822, 1909, '382.07', NULL, 16, 3, 27),
('ratione', 'In necessitatibus iusto hic ullam.', 'necessitatibus', 'nam', 'omnis', '', 3712, 4080, 1754, '165.52', NULL, 17, 2, 43),
('magni', 'Autem non rerum odit animi et occaecati.', 'ut', 'omnis', 'perspiciatis', 'animi', 1503, 4053, 2683, '757.93', NULL, 18, 2, 43),
('fugit', 'Libero placeat aut eius hic fugit qui quia iusto. Vero quo omnis tenetur est.', 'recusandae', 'sequi', '', '', 3907, 1618, 32, '254.44', NULL, 19, 6, 136),
('est', 'Iure rerum sit fuga neque. Eius ut sequi sed atque ut laboriosam.', 'odit', 'expedita', '', 'iure', 2423, 1028, 2753, '78.97', NULL, 20, 5, 113),
('quaerat', 'Laudantium quos dolor delectus quia. Quasi qui repellendus repudiandae possimus possimus et possimus veniam.', 'accusantium', 'commodi', 'qui', '', 2493, 866, 48, '714.95', NULL, 21, 8, 112),
('est', 'Labore perferendis et voluptates.', 'ut', 'debitis', 'magni', 'fuga', 1029, 2300, 1979, '1363.00', NULL, 22, 4, 16),
('modi', 'Qui delectus et voluptatem aut. Est odit harum incidunt earum.', 'autem', 'praesentium', '', 'a', 1262, 1398, 4846, '160.77', NULL, 23, 6, 13),
('ipsam', 'Eum nihil aliquid ut tenetur est minima id. Nihil aperiam assumenda vero et reiciendis.', 'suscipit', 'qui', 'nostrum', 'est', 1815, 459, 722, '847.43', NULL, 24, 8, 149),
('earum', 'Optio natus omnis sed molestiae voluptate.', 'reiciendis', 'enim', '', '', 4765, 4368, 690, '355.46', NULL, 25, 5, 94),
('minima', 'Impedit beatae magni id possimus iure corrupti nisi. Facilis non laborum excepturi repellendus.', 'iste', 'ducimus', '', '', 4146, 306, 4325, '26.71', NULL, 26, 4, 129),
('qui', 'Ipsa est aut sit architecto id rerum consequuntur.', 'quo', 'consequuntur', '', 'ut', 3540, 4222, 2203, '1124.87', NULL, 27, 9, 143),
('temporibus', 'Aut eos accusantium esse.', 'voluptatem', 'ducimus', '', '', 986, 1904, 4826, '1423.31', NULL, 28, 5, 35),
('dolorem', 'Non est totam amet doloremque. Reprehenderit molestiae culpa eveniet blanditiis veritatis quis dicta.', 'dolores', 'et', '', 'accusamus', 635, 4975, 1778, '249.18', NULL, 29, 7, 26),
('minus', 'Ut omnis saepe accusamus corporis officia perspiciatis. Voluptate iure quia quibusdam consectetur.', 'sunt', 'officiis', '', 'non', 1539, 1459, 2643, '1208.95', NULL, 30, 9, 12),
('itaque', 'Exercitationem natus dolores et eius vitae sequi perferendis. Aut aliquam eum id magnam.', 'autem', 'est', 'vel', 'et', 3600, 2959, 1668, '647.38', NULL, 31, 10, 136),
('ad', 'Doloribus ut voluptas debitis et esse placeat.', 'et', 'officia', '', '', 3094, 3713, 4379, '1101.43', NULL, 32, 10, 53),
('recusandae', 'Praesentium recusandae quo aut.', 'minima', 'harum', 'sed', 'ullam', 347, 3961, 1614, '558.40', NULL, 33, 10, 16),
('accusamus', 'Deleniti consequatur ducimus excepturi iusto omnis laudantium. Eius iste voluptatem voluptas consectetur ut assumenda aut molest', 'et', 'alias', 'occaecati', '', 2292, 3501, 1520, '1436.38', NULL, 34, 7, 43),
('vel', 'Velit quo tempora et odit. Omnis tempora cupiditate quia quas nisi nulla saepe.', 'ut', 'vero', '', '', 3647, 4112, 685, '514.37', NULL, 35, 9, 87),
('totam', 'Tempore blanditiis eum reprehenderit maxime eum soluta voluptatem.', 'necessitatibus', 'officiis', '', 'ullam', 3124, 4644, 3136, '877.72', NULL, 36, 8, 129),
('est', 'Nemo provident vitae quod quas sit iure omnis. Qui non eveniet non rerum modi.', 'magni', 'praesentium', '', '', 185, 2014, 1532, '1498.01', NULL, 37, 3, 84),
('commodi', 'Vel blanditiis deserunt quia quos aperiam vel. Libero totam suscipit saepe et reprehenderit rerum.', 'perferendis', 'omnis', '', '', 1752, 3406, 69, '1443.97', NULL, 38, 1, 61),
('asperiores', 'Dolorem doloremque numquam magnam ut dolorum.', 'et', 'asperiores', 'sit', 'blanditiis', 4518, 1384, 2905, '978.29', NULL, 39, 4, 43),
('ea', 'Doloribus sint quo esse cumque. Esse suscipit exercitationem dolor facere.', 'tempora', 'dolore', 'aut', 'pariatur', 1837, 911, 119, '254.98', NULL, 40, 6, 30),
('animi', 'In dolorem laboriosam est unde aspernatur animi ut.', 'facere', 'voluptatem', '', '', 4800, 4890, 2988, '1183.03', NULL, 41, 3, 28),
('sed', 'Corrupti provident perferendis id quo quisquam ipsam explicabo sapiente.', 'ipsum', 'aut', 'repellat', 'repellendus', 3640, 1238, 4007, '867.23', NULL, 42, 3, 62),
('voluptates', 'Amet tenetur deleniti est quo voluptatem. Et sed ut doloribus ratione qui.', 'quam', 'nemo', '', '', 3838, 998, 3623, '809.70', NULL, 43, 8, 99),
('sunt', 'Maxime ab ipsam pariatur mollitia quaerat aliquam.', 'saepe', 'culpa', 'iusto', 'soluta', 36, 3809, 2878, '432.09', NULL, 44, 8, 39),
('ducimus', 'Id vero est voluptatum vero aut repellendus et voluptatem. Nihil dolor hic optio et.', 'et', 'autem', 'et', 'quibusdam', 874, 1213, 13, '703.61', NULL, 45, 9, 123),
('doloribus', 'Mollitia quaerat aperiam in sit nostrum.', 'blanditiis', 'corporis', '', 'et', 2737, 4685, 3159, '761.35', NULL, 46, 10, 131),
('ea', 'Labore omnis in dolores maxime.', 'deserunt', 'ipsam', 'aliquid', '', 1824, 1129, 3842, '1268.69', NULL, 47, 2, 106),
('a', 'Aperiam ut voluptatibus qui quia. Voluptas voluptas aut officia assumenda sint dolor.', 'possimus', 'corporis', 'fuga', '', 1469, 2939, 4495, '528.12', NULL, 48, 1, 120),
('blanditiis', 'Nisi distinctio laboriosam suscipit sint. At et asperiores odio tenetur quibusdam quas.', 'iure', 'aut', 'minima', 'excepturi', 1822, 1259, 578, '110.50', NULL, 49, 8, 58),
('qui', 'Temporibus ab harum amet incidunt consectetur sint impedit.', 'repellat', 'aut', '', '', 3130, 257, 632, '404.57', NULL, 50, 9, 118),
('rerum', 'Repellendus qui tempora sit qui. Cumque dignissimos architecto similique.', 'deleniti', 'voluptatem', '', '', 238, 2412, 3667, '1114.00', NULL, 51, 4, 123),
('voluptates', 'Et dolorem sed quia nisi molestiae placeat dolores.', 'tempora', 'cupiditate', '', '', 3889, 1360, 1352, '804.06', NULL, 52, 3, 50),
('ipsum', 'Rerum qui maiores sapiente repellat maxime.', 'sit', 'facere', 'eum', 'voluptatibus', 981, 4649, 254, '1184.96', NULL, 53, 2, 84),
('qui', 'Officia culpa rerum maxime. Quam rerum quis ut unde doloribus.', 'ipsa', 'quia', 'dolor', '', 2396, 1274, 1275, '569.26', NULL, 54, 3, 71),
('illo', 'Nihil commodi aut dolore dolorum enim voluptatem. Reiciendis aliquam ducimus nesciunt.', 'ex', 'magni', 'cumque', 'doloribus', 1916, 4817, 3978, '386.84', NULL, 55, 1, 48),
('sit', 'Ut qui aliquid quam soluta ea quo est. At deleniti atque accusamus dignissimos eveniet aliquam.', 'et', 'aut', '', 'in', 1514, 467, 3162, '370.45', NULL, 56, 10, 4),
('id', 'Ipsum possimus quia ea.', 'incidunt', 'vero', 'qui', '', 383, 433, 2512, '1274.36', NULL, 57, 1, 61),
('maiores', 'Voluptatem pariatur esse nemo nihil rerum id.', 'molestiae', 'aliquam', '', '', 4431, 3521, 138, '49.56', NULL, 58, 7, 106),
('ullam', 'Reiciendis eius amet dolor culpa dolores laudantium eius.', 'molestiae', 'laborum', '', 'voluptatem', 750, 574, 3836, '938.41', NULL, 59, 1, 125),
('expedita', 'Molestiae vero porro quibusdam temporibus optio sit rem sit. Ut voluptas consectetur aliquam est.', 'quae', 'reiciendis', 'beatae', '', 243, 3277, 1229, '491.67', NULL, 60, 6, 54),
('ducimus', 'Dolores reprehenderit amet accusantium veritatis dicta.', 'dolorum', 'nam', '', '', 3105, 4932, 1033, '559.45', NULL, 61, 9, 30),
('modi', 'Minus provident commodi in eum. Nostrum repellendus quibusdam laudantium excepturi blanditiis itaque.', 'voluptate', 'repellendus', '', '', 886, 3785, 4875, '19.73', NULL, 62, 2, 73),
('consequuntur', 'Sit totam quia sunt.', 'voluptate', 'iste', 'optio', '', 4484, 696, 4397, '750.78', NULL, 63, 3, 84),
('blanditiis', 'Dolores adipisci ipsa in unde cumque et. Explicabo est delectus eveniet quos.', 'accusamus', 'maxime', 'vitae', '', 4030, 2885, 4416, '874.44', NULL, 64, 1, 83),
('voluptate', 'Similique repellat omnis eos non est.', 'sed', 'rerum', 'architecto', 'omnis', 2631, 3321, 2891, '1108.16', NULL, 65, 5, 142),
('ut', 'Labore dolorem doloribus dolorem odio. Dolorem et totam aut quas qui aut dolore vero.', 'eos', 'amet', '', '', 1988, 1732, 2713, '1442.65', NULL, 66, 1, 134),
('ea', 'Et veritatis quae ipsa alias.', 'voluptate', 'sit', '', 'voluptatem', 3243, 4209, 1980, '1165.45', NULL, 67, 3, 109),
('quia', 'Necessitatibus quis officia sunt eos dolor officiis veniam quia. Rerum et culpa accusamus.', 'et', 'nostrum', 'esse', 'aut', 3685, 212, 4470, '449.56', NULL, 68, 6, 144),
('ut', 'Magni id quidem voluptatem quibusdam enim et. Consectetur necessitatibus sit aut eos alias aliquam.', 'et', 'suscipit', 'eaque', '', 93, 1229, 150, '1176.84', NULL, 69, 9, 50),
('perferendis', 'Perferendis tenetur quae explicabo quis facere tenetur. Minus ad quo et cum velit.', 'et', 'asperiores', '', '', 631, 3438, 3958, '531.38', NULL, 70, 1, 116),
('voluptas', 'Quam vero quae temporibus pariatur.', 'accusantium', 'incidunt', 'reiciendis', 'eos', 3267, 1426, 359, '799.51', NULL, 71, 5, 136),
('doloribus', 'Qui enim et id accusantium. Repellendus ea voluptates explicabo vel aperiam molestiae quos.', 'rem', 'ut', 'libero', 'facilis', 748, 1645, 1168, '412.73', NULL, 72, 2, 12),
('et', 'Quos eos tempora ipsum sapiente voluptatem.', 'esse', 'reprehenderit', '', '', 2779, 2571, 1063, '1127.08', NULL, 73, 5, 85),
('ratione', 'Nulla minima commodi et possimus voluptate aperiam. Laudantium sed molestiae vel sint.', 'tenetur', 'non', '', 'odio', 3593, 866, 4571, '1317.76', NULL, 74, 8, 16),
('sunt', 'Accusamus ut aut necessitatibus ipsa.', 'distinctio', 'exercitationem', '', '', 2421, 4611, 4765, '951.65', NULL, 75, 6, 102),
('est', 'Ut enim numquam rerum voluptatum et blanditiis sed.', 'molestiae', 'qui', '', 'consequatur', 305, 3576, 3018, '110.43', NULL, 76, 9, 2),
('eligendi', 'Perspiciatis voluptates nulla consequuntur accusantium at officia modi molestiae.', 'autem', 'totam', 'repellendus', '', 1137, 4099, 175, '930.11', NULL, 77, 4, 123),
('omnis', 'Perspiciatis quod minima expedita qui quia quis placeat. Eaque nemo quisquam rerum libero necessitatibus.', 'qui', 'quo', '', '', 4814, 4634, 4681, '148.68', NULL, 78, 9, 87),
('illum', 'Ea modi hic molestias et unde.', 'ut', 'commodi', 'blanditiis', '', 320, 1743, 2957, '1210.93', NULL, 79, 5, 58),
('magni', 'Molestiae exercitationem officiis beatae cupiditate sed placeat et.', 'rerum', 'veniam', 'est', '', 1325, 4982, 579, '1117.55', NULL, 80, 3, 134),
('modi', 'Et voluptatem omnis officia impedit ut architecto. Ut at sint voluptas voluptatem.', 'qui', 'id', '', '', 1736, 2401, 4380, '754.39', NULL, 81, 10, 77),
('asperiores', 'Sint quod ut neque iure reiciendis et nemo tempore.', 'voluptatibus', 'qui', 'eum', 'mollitia', 1139, 1166, 383, '627.11', NULL, 82, 7, 125),
('et', 'Ipsum nostrum voluptatem enim magnam quidem.', 'nihil', 'est', 'rem', 'iste', 2477, 4518, 4800, '977.05', NULL, 83, 9, 72),
('doloribus', 'Eaque tempore fugit iste dicta iusto debitis corrupti omnis. Velit ad et nihil omnis voluptatem sunt.', 'temporibus', 'rem', 'est', 'porro', 153, 2295, 1228, '1121.61', NULL, 84, 7, 120),
('non', 'Ipsam dicta repellat cum commodi sunt repellendus asperiores. Et et cupiditate soluta.', 'est', 'sequi', 'consequatur', 'hic', 4256, 1254, 117, '600.20', NULL, 85, 8, 49),
('similique', 'Omnis consequatur qui ea molestiae adipisci sint non.', 'laudantium', 'expedita', '', '', 1357, 12, 4927, '293.45', NULL, 86, 1, 39),
('atque', 'Cumque voluptatem quod sapiente sunt.', 'facere', 'at', '', '', 2368, 1168, 4498, '1008.37', NULL, 87, 4, 57),
('itaque', 'Tenetur id tempora qui aliquid est recusandae.', 'impedit', 'possimus', 'eligendi', 'consequatur', 3190, 4503, 538, '467.14', NULL, 88, 2, 105),
('minus', 'Nihil error doloremque voluptatem non exercitationem et explicabo.', 'impedit', 'et', 'itaque', 'quo', 1063, 3221, 911, '671.19', NULL, 89, 2, 35),
('et', 'Explicabo ipsam earum at error illo laborum nobis quo. Molestias quis ut quos fugit ut dolore at.', 'iste', 'quaerat', '', '', 116, 580, 1318, '277.73', NULL, 90, 1, 93),
('culpa', 'Dolorem praesentium consequatur sit voluptas. Perferendis provident nemo excepturi facilis quod ratione necessitatibus ipsum.', 'natus', 'perspiciatis', 'inventore', '', 2058, 4234, 1600, '508.67', NULL, 91, 2, 3),
('sit', 'Dolores vel deleniti omnis. Enim iure consequatur tempora expedita quam.', 'voluptate', 'velit', 'facere', 'modi', 2104, 2539, 1207, '218.20', NULL, 92, 7, 71),
('mollitia', 'Vel veniam impedit voluptates alias aut ab.', 'veritatis', 'iure', '', 'labore', 3722, 1790, 2962, '736.85', NULL, 93, 10, 3),
('rerum', 'Nihil harum quia magni porro sequi aut aut. Nam quidem ut sit.', 'exercitationem', 'et', 'nisi', 'rerum', 1894, 461, 1329, '394.64', NULL, 94, 2, 25),
('modi', 'In aliquam harum et odio quia. Optio officia in eius in saepe.', 'omnis', 'aut', '', 'eum', 3016, 2273, 3166, '1021.45', NULL, 95, 2, 57),
('aut', 'Voluptatem quidem aut voluptatem rerum nisi a.', 'numquam', 'exercitationem', 'vitae', 'labore', 3745, 3904, 2698, '146.96', NULL, 96, 7, 124),
('perferendis', 'Sed assumenda hic cupiditate hic beatae.', 'aliquam', 'dicta', '', 'voluptas', 1665, 3147, 3263, '755.00', NULL, 97, 10, 100),
('est', 'Ad sint asperiores accusantium quia rerum tenetur.', 'fugit', 'natus', 'amet', '', 1549, 2763, 2222, '1117.93', NULL, 98, 5, 143),
('cum', 'Officia qui autem ut nam asperiores repudiandae delectus. Dolores omnis voluptas laudantium molestiae sint ut molestiae.', 'aut', 'error', 'rem', 'alias', 1500, 2032, 4447, '679.53', NULL, 99, 7, 11),
('alias', 'Modi optio voluptatem molestiae quaerat voluptatum quia.', 'temporibus', 'debitis', '', '', 2785, 2751, 4946, '320.81', NULL, 100, 8, 113);

INSERT INTO `Category` (`Name`, `CategoryID`, `MerchantID`)
VALUES
('maiores', 1, 58),
('sit', 2, 58),
('quia', 3, 136),
('fugit', 4, 13),
('totam', 5, 99),
('atque', 6, 23),
('aut', 7, 122),
('recusandae', 8, 103),
('omnis', 9, 25),
('et', 10, 43),
('nulla', 11, 54),
('eum', 12, 86),
('ducimus', 13, 12),
('asperiores', 14, 147),
('magni', 15, 101),
('perspiciatis', 16, 43),
('qui', 17, 96),
('incidunt', 18, 130),
('ratione', 19, 139),
('voluptatem', 20, 84),
('a', 21, 80),
('officiis', 22, 32),
('molestiae', 23, 67),
('eos', 24, 36),
('rerum', 25, 105),
('quis', 26, 57),
('temporibus', 27, 147),
('rerum', 28, 149),
('molestiae', 29, 50),
('pariatur', 30, 136),
('architecto', 31, 80),
('aut', 32, 81),
('corrupti', 33, 113),
('consequatur', 34, 73),
('et', 35, 3),
('impedit', 36, 102),
('accusantium', 37, 102),
('et', 38, 5),
('vel', 39, 142),
('harum', 40, 40),
('enim', 41, 54),
('illum', 42, 123),
('neque', 43, 85),
('laboriosam', 44, 124),
('omnis', 45, 53),
('commodi', 46, 4),
('ut', 47, 39),
('saepe', 48, 93),
('dolor', 49, 73),
('non', 50, 80);

INSERT INTO `ProductInCategory` (`ProductInCategoryID`, `ProductID`, `CategoryID`) VALUES (1, 33, 28),
(2, 88, 12),
(3, 64, 49),
(4, 87, 12),
(5, 10, 8),
(6, 66, 28),
(7, 20, 45),
(8, 24, 6),
(9, 37, 50),
(10, 72, 4),
(11, 16, 41),
(12, 60, 13),
(13, 36, 19),
(14, 76, 39),
(15, 28, 2),
(16, 92, 38),
(17, 6, 2),
(18, 97, 39),
(19, 19, 41),
(20, 37, 33),
(21, 75, 18),
(22, 71, 15),
(23, 81, 16),
(24, 93, 42),
(25, 12, 18),
(26, 100, 16),
(27, 86, 38),
(28, 59, 14),
(29, 47, 45),
(30, 42, 11),
(31, 51, 11),
(32, 70, 50),
(33, 89, 10),
(34, 22, 6),
(35, 61, 1),
(36, 35, 36),
(37, 59, 34),
(38, 24, 35),
(39, 11, 6),
(40, 7, 21),
(41, 2, 39),
(42, 41, 36),
(43, 24, 50),
(44, 29, 2),
(45, 68, 8),
(46, 31, 30),
(47, 40, 47),
(48, 15, 32),
(49, 77, 5),
(50, 56, 29),
(51, 54, 39),
(52, 12, 30),
(53, 82, 20),
(54, 3, 8),
(55, 4, 35),
(56, 79, 36),
(57, 70, 26),
(58, 39, 24),
(59, 87, 47),
(60, 60, 37),
(61, 85, 18),
(62, 76, 18),
(63, 6, 8),
(64, 57, 1),
(65, 62, 36),
(66, 64, 39),
(67, 12, 50),
(68, 82, 30),
(69, 63, 23),
(70, 49, 10),
(71, 25, 49),
(72, 27, 21),
(73, 91, 49),
(74, 33, 12),
(75, 93, 36);
